Lambda,Error,
2.454369260617026e-06,447.58540310415924,
